Workbook

Sheet جدول العملاء
A1: ١. جدول العملاء (الزبناء)
A2: تسجيل بيانات الزبناء والشركات المتعامل معها، لإعادة استخدامها بسهولة في جدول الشحنات.
A3: الرقم التعريفي للزبون | B3: اسم الزبون / الشركة | C3: رقم الهاتف | D3: العنوان
A4: 1 | B4: شركة الأمل للتجارة | C4: 0661234567 | D4: الدار البيضاء
A5: 2 | B5: مؤسسة النور للتوزيع | C5: 0662345678 | D5: الرباط
A6: 3 | B6: متجر الأناقة الحديثة | C6: 0663456789 | D6: طنجة
A55: الصفوف الصفراء = أمثلة، يمكن تعديلها أو حذفها. النص الأزرق في الأوراق الأخرى = خانة للتعبئة.

Sheet الشحنات والطلبيات
A1: ٢. جدول الشحنات والطلبيات
A2: السجل الرئيسي لتتبع كافة الشحنات المنقولة، اسم الشريك أو صاحب المركبة، وقيمة الشحنة.
A3: رقم الشحنة | B3: التاريخ | C3: اسم صاحب المركبة (الشريك) | D3: رقم تسجيل المركبة | E3: اسم الزبون | F3: عدد الطرود | G3: المبلغ الإجمالي (د.م.) | H3: حالة الشحنة
A4: 1 | B4: 46235 | C4: أحمد العلمي | D4: 12345-أ-6 | E4: شركة الأمل للتجارة | F4: 5 | G4: 1200 | H4: تم التسليم
A5: 2 | B5: 46235 | C5: ياسين بنجلون | D5: 67890-ب-12 | E5: مؤسسة النور للتوزيع | F5: 12 | G5: 2800 | H5: تم التسليم
A6: 3 | B6: 46236 | C6: أحمد العلمي | D6: 12345-أ-6 | E6: متجر الأناقة الحديثة | F6: 3 | G6: 750 | H6: قيد التوصيل
A55: اسم الزبون = قائمة منسدلة من جدول العملاء. اكتب اسم الشريك بنفس الطريقة في كل مرة (يُستعمل في جدول الحصيلة الأسبوعية).

Sheet المصاريف التشغيلية
A1: ٣. جدول المصاريف التشغيلية
A2: يُستخدم لتقييد جميع المصاريف المقترنة بالشحنات والمركبات، لضمان حساب الربحية بدقة.
A3: رقم المصروف | B3: تاريخ المصروف | C3: رقم الشحنة (رابط) | D3: نوع المصروف | E3: المبلغ (د.م.) | F3: ملاحظات / البيان | G3: اسم صاحب المركبة (تلقائي)
A4: EXP-001 | B4: 46235 | C4: SHP-1001 | D4: وقود | E4: 250 | F4: تعبئة وقود محطة إفريقيا | G4: =IF(C4="","",IFERROR(VLOOKUP(C4,'الشحنات والطلبيات'!$A:$H,3,FALSE()),"رقم غير موجود")) -> رقم غير موجود
A5: EXP-002 | B5: 46235 | C5: SHP-1002 | D5: رسوم الطريق (أوتوروت) | E5: 80 | F5: تول الطريق السيار الرباط | G5: =IF(C5="","",IFERROR(VLOOKUP(C5,'الشحنات والطلبيات'!$A:$H,3,FALSE()),"رقم غير موجود")) -> رقم غير موجود
A6: EXP-003 | B6: 46236 | C6: SHP-1003 | D6: صيانة خفيفة | E6: 150 | F6: إصلاح عجلة المركبة | G6: =IF(C6="","",IFERROR(VLOOKUP(C6,'الشحنات والطلبيات'!$A:$H,3,FALSE()),"رقم غير موجود")) -> رقم غير موجود
G7: =IF(C7="","",IFERROR(VLOOKUP(C7,'الشحنات والطلبيات'!$A:$H,3,FALSE()),"رقم غير موجود"))
G8: =IF(C8="","",IFERROR(VLOOKUP(C8,'الشحنات والطلبيات'!$A:$H,3,FALSE()),"رقم غير موجود"))
G9: =IF(C9="","",IFERROR(VLOOKUP(C9,'الشحنات والطلبيات'!$A:$H,3,FALSE()),"رقم غير موجود"))
G10: =IF(C10="","",IFERROR(VLOOKUP(C10,'الشحنات والطلبيات'!$A:$H,3,FALSE()),"رقم غير موجود"))
G11: =IF(C11="","",IFERROR(VLOOKUP(C11,'الشحنات والطلبيات'!$A:$H,3,FALSE()),"رقم غير موجود"))
G12: =IF(C12="","",IFERROR(VLOOKUP(C12,'الشحنات والطلبيات'!$A:$H,3,FALSE()),"رقم غير موجود"))
G13: =IF(C13="","",IFERROR(VLOOKUP(C13,'الشحنات والطلبيات'!$A:$H,3,FALSE()),"رقم غير موجود"))
G14: =IF(C14="","",IFERROR(VLOOKUP(C14,'الشحنات والطلبيات'!$A:$H,3,FALSE()),"رقم غير موجود"))
G15: =IF(C15="","",IFERROR(VLOOKUP(C15,'الشحنات والطلبيات'!$A:$H,3,FALSE()),"رقم غير موجود"))
G16: =IF(C16="","",IFERROR(VLOOKUP(C16,'الشحنات والطلبيات'!$A:$H,3,FALSE()),"رقم غير موجود"))
G17: =IF(C17="","",IFERROR(VLOOKUP(C17,'الشحنات والطلبيات'!$A:$H,3,FALSE()),"رقم غير موجود"))
G18: =IF(C18="","",IFERROR(VLOOKUP(C18,'الشحنات والطلبيات'!$A:$H,3,FALSE()),"رقم غير موجود"))
... G53: =IF(C53="","",IFERROR(VLOOKUP(C53,'الشحنات والطلبيات'!$A:$H,3,FALSE()),"رقم غير موجود"))
A55: عمود 'اسم صاحب المركبة' يُحسب تلقائياً انطلاقاً من رقم الشحنة، ويُستعمل في جدول الحصيلة الأسبوعية.

Sheet الحصيلة الأسبوعية
A1: ٤. جدول الحصيلة والتقرير الأسبوعي
A2: يحتسب مجموع المداخيل والمصاريف لكل شريك خلال الفترة المحددة، ويستخرج الربح الصافي تلقائياً.
A3: الأسبوع / الفترة | B3: من تاريخ | C3: إلى تاريخ | D3: اسم صاحب المركبة (الشريك) | E3: مجموع المداخيل (د.م.) | F3: مجموع المصاريف (د.م.) | G3: الربح الصافي (د.م.)
A4: الأسبوع 31 (أغسطس 2026) | B4: 46235 | C4: 46241 | D4: أحمد العلمي | E4: =IF($D4="","",SUMIFS('الشحنات والطلبيات'!$G$4:$G$53,'الشحنات والطلبيات'!$C$4:$C$53,$D4,'الشحنات والطلبيات'!$B$4:$B$53,">="&$B4,'الشحنات والطلبيات'!$B$4:$B$53,"<="&$C4)) -> 1950 | F4: =IF($D4="","",SUMIFS('المصاريف التشغيلية'!$E$4:$E$53,'المصاريف التشغيلية'!$G$4:$G$53,$D4,'المصاريف التشغيلية'!$B$4:$B$53,">="&$B4,'المصاريف التشغيلية'!$B$4:$B$53,"<="&$C4)) -> 0 | G4: =IF($D4="","",E4-F4) -> 1950
A5: الأسبوع 31 (أغسطس 2026) | B5: 46235 | C5: 46241 | D5: ياسين بنجلون | E5: =IF($D5="","",SUMIFS('الشحنات والطلبيات'!$G$4:$G$53,'الشحنات والطلبيات'!$C$4:$C$53,$D5,'الشحنات والطلبيات'!$B$4:$B$53,">="&$B5,'الشحنات والطلبيات'!$B$4:$B$53,"<="&$C5)) -> 2800 | F5: =IF($D5="","",SUMIFS('المصاريف التشغيلية'!$E$4:$E$53,'المصاريف التشغيلية'!$G$4:$G$53,$D5,'المصاريف التشغيلية'!$B$4:$B$53,">="&$B5,'المصاريف التشغيلية'!$B$4:$B$53,"<="&$C5)) -> 0 | G5: =IF($D5="","",E5-F5) -> 2800
E6: =IF($D6="","",SUMIFS('الشحنات والطلبيات'!$G$4:$G$53,'الشحنات والطلبيات'!$C$4:$C$53,$D6,'الشحنات والطلبيات'!$B$4:$B$53,">="&$B6,'الشحنات والطلبيات'!$B$4:$B$53,"<="&$C6)) | F6: =IF($D6="","",SUMIFS('المصاريف التشغيلية'!$E$4:$E$53,'المصاريف التشغيلية'!$G$4:$G$53,$D6,'المصاريف التشغيلية'!$B$4:$B$53,">="&$B6,'المصاريف التشغيلية'!$B$4:$B$53,"<="&$C6)) | G6: =IF($D6="","",E6-F6)
E7: =IF($D7="","",SUMIFS('الشحنات والطلبيات'!$G$4:$G$53,'الشحنات والطلبيات'!$C$4:$C$53,$D7,'الشحنات والطلبيات'!$B$4:$B$53,">="&$B7,'الشحنات والطلبيات'!$B$4:$B$53,"<="&$C7)) | F7: =IF($D7="","",SUMIFS('المصاريف التشغيلية'!$E$4:$E$53,'المصاريف التشغيلية'!$G$4:$G$53,$D7,'المصاريف التشغيلية'!$B$4:$B$53,">="&$B7,'المصاريف التشغيلية'!$B$4:$B$53,"<="&$C7)) | G7: =IF($D7="","",E7-F7)
E8: =IF($D8="","",SUMIFS('الشحنات والطلبيات'!$G$4:$G$53,'الشحنات والطلبيات'!$C$4:$C$53,$D8,'الشحنات والطلبيات'!$B$4:$B$53,">="&$B8,'الشحنات والطلبيات'!$B$4:$B$53,"<="&$C8)) | F8: =IF($D8="","",SUMIFS('المصاريف التشغيلية'!$E$4:$E$53,'المصاريف التشغيلية'!$G$4:$G$53,$D8,'المصاريف التشغيلية'!$B$4:$B$53,">="&$B8,'المصاريف التشغيلية'!$B$4:$B$53,"<="&$C8)) | G8: =IF($D8="","",E8-F8)
E9: =IF($D9="","",SUMIFS('الشحنات والطلبيات'!$G$4:$G$53,'الشحنات والطلبيات'!$C$4:$C$53,$D9,'الشحنات والطلبيات'!$B$4:$B$53,">="&$B9,'الشحنات والطلبيات'!$B$4:$B$53,"<="&$C9)) | F9: =IF($D9="","",SUMIFS('المصاريف التشغيلية'!$E$4:$E$53,'المصاريف التشغيلية'!$G$4:$G$53,$D9,'المصاريف التشغيلية'!$B$4:$B$53,">="&$B9,'المصاريف التشغيلية'!$B$4:$B$53,"<="&$C9)) | G9: =IF($D9="","",E9-F9)
E10: =IF($D10="","",SUMIFS('الشحنات والطلبيات'!$G$4:$G$53,'الشحنات والطلبيات'!$C$4:$C$53,$D10,'الشحنات والطلبيات'!$B$4:$B$53,">="&$B10,'الشحنات والطلبيات'!$B$4:$B$53,"<="&$C10)) | F10: =IF($D10="","",SUMIFS('المصاريف التشغيلية'!$E$4:$E$53,'المصاريف التشغيلية'!$G$4:$G$53,$D10,'المصاريف التشغيلية'!$B$4:$B$53,">="&$B10,'المصاريف التشغيلية'!$B$4:$B$53,"<="&$C10)) | G10: =IF($D10="","",E10-F10)
E11: =IF($D11="","",SUMIFS('الشحنات والطلبيات'!$G$4:$G$53,'الشحنات والطلبيات'!$C$4:$C$53,$D11,'الشحنات والطلبيات'!$B$4:$B$53,">="&$B11,'الشحنات والطلبيات'!$B$4:$B$53,"<="&$C11)) | F11: =IF($D11="","",SUMIFS('المصاريف التشغيلية'!$E$4:$E$53,'المصاريف التشغيلية'!$G$4:$G$53,$D11,'المصاريف التشغيلية'!$B$4:$B$53,">="&$B11,'المصاريف التشغيلية'!$B$4:$B$53,"<="&$C11)) | G11: =IF($D11="","",E11-F11)
E12: =IF($D12="","",SUMIFS('الشحنات والطلبيات'!$G$4:$G$53,'الشحنات والطلبيات'!$C$4:$C$53,$D12,'الشحنات والطلبيات'!$B$4:$B$53,">="&$B12,'الشحنات والطلبيات'!$B$4:$B$53,"<="&$C12)) | F12: =IF($D12="","",SUMIFS('المصاريف التشغيلية'!$E$4:$E$53,'المصاريف التشغيلية'!$G$4:$G$53,$D12,'المصاريف التشغيلية'!$B$4:$B$53,">="&$B12,'المصاريف التشغيلية'!$B$4:$B$53,"<="&$C12)) | G12: =IF($D12="","",E12-F12)
E13: =IF($D13="","",SUMIFS('الشحنات والطلبيات'!$G$4:$G$53,'الشحنات والطلبيات'!$C$4:$C$53,$D13,'الشحنات والطلبيات'!$B$4:$B$53,">="&$B13,'الشحنات والطلبيات'!$B$4:$B$53,"<="&$C13)) | F13: =IF($D13="","",SUMIFS('المصاريف التشغيلية'!$E$4:$E$53,'المصاريف التشغيلية'!$G$4:$G$53,$D13,'المصاريف التشغيلية'!$B$4:$B$53,">="&$B13,'المصاريف التشغيلية'!$B$4:$B$53,"<="&$C13)) | G13: =IF($D13="","",E13-F13)
E14: =IF($D14="","",SUMIFS('الشحنات والطلبيات'!$G$4:$G$53,'الشحنات والطلبيات'!$C$4:$C$53,$D14,'الشحنات والطلبيات'!$B$4:$B$53,">="&$B14,'الشحنات والطلبيات'!$B$4:$B$53,"<="&$C14)) | F14: =IF($D14="","",SUMIFS('المصاريف التشغيلية'!$E$4:$E$53,'المصاريف التشغيلية'!$G$4:$G$53,$D14,'المصاريف التشغيلية'!$B$4:$B$53,">="&$B14,'المصاريف التشغيلية'!$B$4:$B$53,"<="&$C14)) | G14: =IF($D14="","",E14-F14)
E15: =IF($D15="","",SUMIFS('الشحنات والطلبيات'!$G$4:$G$53,'الشحنات والطلبيات'!$C$4:$C$53,$D15,'الشحنات والطلبيات'!$B$4:$B$53,">="&$B15,'الشحنات والطلبيات'!$B$4:$B$53,"<="&$C15)) | F15: =IF($D15="","",SUMIFS('المصاريف التشغيلية'!$E$4:$E$53,'المصاريف التشغيلية'!$G$4:$G$53,$D15,'المصاريف التشغيلية'!$B$4:$B$53,">="&$B15,'المصاريف التشغيلية'!$B$4:$B$53,"<="&$C15)) | G15: =IF($D15="","",E15-F15)
E16: =IF($D16="","",SUMIFS('الشحنات والطلبيات'!$G$4:$G$53,'الشحنات والطلبيات'!$C$4:$C$53,$D16,'الشحنات والطلبيات'!$B$4:$B$53,">="&$B16,'الشحنات والطلبيات'!$B$4:$B$53,"<="&$C16)) | F16: =IF($D16="","",SUMIFS('المصاريف التشغيلية'!$E$4:$E$53,'المصاريف التشغيلية'!$G$4:$G$53,$D16,'المصاريف التشغيلية'!$B$4:$B$53,">="&$B16,'المصاريف التشغيلية'!$B$4:$B$53,"<="&$C16)) | G16: =IF($D16="","",E16-F16)
E17: =IF($D17="","",SUMIFS('الشحنات والطلبيات'!$G$4:$G$53,'الشحنات والطلبيات'!$C$4:$C$53,$D17,'الشحنات والطلبيات'!$B$4:$B$53,">="&$B17,'الشحنات والطلبيات'!$B$4:$B$53,"<="&$C17)) | F17: =IF($D17="","",SUMIFS('المصاريف التشغيلية'!$E$4:$E$53,'المصاريف التشغيلية'!$G$4:$G$53,$D17,'المصاريف التشغيلية'!$B$4:$B$53,">="&$B17,'المصاريف التشغيلية'!$B$4:$B$53,"<="&$C17)) | G17: =IF($D17="","",E17-F17)
... E53: =IF($D53="","",SUMIFS('الشحنات والطلبيات'!$G$4:$G$53,'الشحنات والطلبيات'!$C$4:$C$53,$D53,'الشحنات والطلبيات'!$B$4:$B$53,">="&$B53,'الشحنات والطلبيات'!$B$4:$B$53,"<="&$C53)) | F53: =IF($D53="","",SUMIFS('المصاريف التشغيلية'!$E$4:$E$53,'المصاريف التشغيلية'!$G$4:$G$53,$D53,'المصاريف التشغيلية'!$B$4:$B$53,">="&$B53,'المصاريف التشغيلية'!$B$4:$B$53,"<="&$C53)) | G53: =IF($D53="","",E53-F53)
A55: أضف سطراً جديداً لكل شريك كل أسبوع (أو كل فترة). عمودا 'من تاريخ' و 'إلى تاريخ' يحددان الفترة المحسوبة تلقائياً من الشحنات والمصاريف. اكتب اسم الشريك بنفس الإملاء المستعمل في جدول الشحنات.

Sheet وصل التسليم
A1: وصل تسليم شحنة (Bon de Livraison)
A4: رقم الوصل: | B4: 1 | C4: التاريخ: | D4: =IFERROR(VLOOKUP($B$4,'الشحنات والطلبيات'!$A:$H,2,FALSE()),"") -> 46235
A5: اسم الزبون: | B5: =IFERROR(VLOOKUP($B$4,'الشحنات والطلبيات'!$A:$H,5,FALSE()),"") -> شركة الأمل للتجارة | C5: حالة الشحنة: | D5: =IFERROR(VLOOKUP($B$4,'الشحنات والطلبيات'!$A:$H,8,FALSE()),"") -> تم التسليم
A8: وصف الشحنة / البيانات | B8: عدد الطرود | C8: سعر الطرد (د.م.) | D8: المبلغ الإجمالي (د.م.)
A9: ="شحنة بضائع لحساب "&B5 -> شحنة بضائع لحساب شركة الأمل للتجارة | B9: =IFERROR(VLOOKUP($B$4,'الشحنات والطلبيات'!$A:$H,6,FALSE()),"") -> 5 | C9: =IFERROR(IF(B9=0,"",D9/B9),"") -> 240 | D9: =IFERROR(VLOOKUP($B$4,'الشحنات والطلبيات'!$A:$H,7,FALSE()),"") -> 1200
A11: المجموع الصافي الإجمالي: | C11: =D9 -> 1200
A14: توقيع واستلام الزبون: | C14: توقيع الناقل / السائق:
